topic_id,short_label,summary,keywords
-1,Casual Conversations,"People are engaging in casual conversations about various topics, including personal experiences, education, and daily life challenges.","casual talk, daily life, personal experiences, education, challenges, conversations"
0,Pets and Animals,"People are discussing their experiences, stories, and challenges with pets, including cats and dogs.","pets, cats, dogs, animal care, fostering, shelters, allergies"
1,Online Conversations,"People are engaging in casual online conversations, often discussing their locations, experiences, and technical issues.","online chat, casual talk, locations, technical issues, introductions"
2,Online Survey Chat,"Participants are engaging in casual conversation while navigating an online survey or study, discussing technical issues and exchanging pleasantries.","survey, chat, technical issues, casual conversation, pleasantries, online study"
3,Education during COVID-19,"People are discussing the impact of COVID-19 on education, including online classes, hybrid models, and challenges faced by students and schools.","COVID-19, online classes, hybrid education, school challenges, remote learning, student issues, education changes"
4,TV Shows & Movies,"People are discussing various TV shows and movies they have watched, sharing opinions and recommendations.","TV shows, movies, recommendations, Netflix, reality shows, emotions, streaming"
5,Weather and Seasons,"People are discussing weather patterns, seasonal changes, and their experiences with different climates.","snow, temperature, seasons, climate, weather, hot, cold"
6,Mask Usage Debate,"People are discussing the use of masks during the pandemic, including compliance, enforcement, and personal experiences.","masks, pandemic, compliance, enforcement, safety, personal experiences"
7,Video Game Discussions,"People are discussing various video games, their experiences, and preferences across different platforms and genres.","video games, platforms, genres, experiences, preferences, multiplayer, single player"
8,Sports during COVID-19,"People are discussing various sports events and teams, focusing on how the COVID-19 pandemic has affected sports schedules, player behavior, and fan attendance.","sports, COVID-19, quarantine, teams, players, fans, schedules"
9,Cooking and Eating Habits,"People are discussing their cooking experiences, dietary preferences, and challenges related to food and eating habits.","cooking, dietary preferences, food, eating habits, recipes, gluten-free, spices"
10,Housing Costs Discussion,"People are discussing the high cost of housing and living expenses in various locations, including California, Boston, and other urban areas.","housing costs, rent, expensive living, urban areas, real estate, California, apartments"
11,COVID-19 Experiences,"People are discussing their personal experiences, concerns, and opinions related to COVID-19, including testing, symptoms, and the impact on daily life.","COVID-19, testing, symptoms, antibodies, masks, health impact, personal experiences"
12,COVID-19 Vaccine Discussion,"People are discussing the development, distribution, and concerns surrounding the COVID-19 vaccine, including its effectiveness, safety, and impact on returning to normal life.","COVID-19, vaccine, safety, distribution, normalcy, effectiveness, concerns"
13,Parenting Experiences,"People are discussing their experiences, challenges, and joys of parenting and family life.","parenting, children, family, experiences, challenges, joys, siblings"
14,Remote Work Trends,"People are discussing the benefits, challenges, and experiences of working from home, especially in the context of the pandemic.","remote work, work from home, pandemic, productivity, employee morale, teleworking, office culture"
15,Technical Issues in Calls,Participants are discussing various technical issues and troubleshooting methods during video and audio calls.,"video call, audio issues, troubleshooting, microphone, headset, lag, connection problems"
16,Creative Hobbies,"People are discussing various creative hobbies and activities they engage in, such as painting, sewing, journaling, and art appreciation.","painting, sewing, journaling, art, creativity, hobbies, crafts"
17,No-show Conversations,"Participants discuss experiences with scheduled conversations where the other party did not show up, often receiving compensation for the inconvenience.","no-show, compensation, scheduled conversations, participation, rounds, waiting, experiences"
18,Trump and 2020 Election,"People are discussing Donald Trump's presidency, his actions, and the 2020 U.S. presidential election, including opinions on Trump, Biden, and other political figures.","Trump, Biden, 2020 election, presidency, politics, Democrats, Republicans"
19,Music Preferences,"People are discussing their diverse music tastes, favorite artists, and concert experiences.","music, concerts, genres, artists, pop, alternative, electronic"
20,International Travel Experiences,People are discussing their experiences and aspirations related to traveling to various international destinations.,"travel, international, countries, experiences, Europe, culture, trips"
21,Language Learning,People are discussing their experiences and challenges with learning and speaking multiple languages.,"language learning, multilingual, Spanish, German, English, foreign languages, communication"
22,Literature Discussion,"People are discussing various books, authors, and literary genres, sharing their reading experiences and preferences.","books, authors, reading, literature, genres, fiction, classics"
23,Religion and Belief,"People are discussing various aspects of religion, personal beliefs, and experiences with religious institutions.","religion, belief, church, pastors, denominations, faith, God"
24,Technology Issues,"People are discussing various issues and experiences with technology, including computers, smartphones, and other electronic devices.","computers, smartphones, hard drives, technology problems, repairs, upgrades, battery issues"
25,Extreme Weather Events,"People are discussing their experiences and concerns related to various extreme weather events like hurricanes, tornadoes, and storms.","hurricanes, tornadoes, storms, flooding, power outages, weather insurance, safety measures"
26,Business Closures,"People are discussing the impact of COVID-19 on business operations, including closures and restrictions.","COVID-19, business closures, restrictions, shutdown, capacity limits, economic impact"
27,Pandemic Unemployment Impact,"People are discussing the challenges and experiences related to unemployment, financial aid, and job security during the pandemic.","unemployment, pandemic, financial aid, job security, stimulus checks, layoffs, remote work"
28,Playing Musical Instruments,People are discussing their experiences and challenges with playing various musical instruments and their involvement in music-related activities.,"music, instruments, piano, guitar, band, orchestra, practice"
29,2020 Events Reflection,"People are discussing the unusual and challenging events of 2020, expressing disbelief and anxiety about the year's occurrences.","2020, pandemic, anxiety, events, reflection, challenges, uncertainty"
30,Food and Restaurants,"People are discussing various food experiences and restaurants across different locations, sharing their preferences and memories.","food, restaurants, barbecue, burgers, pizza, tamales, cuisine, dining experiences"
31,Prolific Experience,Participants are discussing their experiences and earnings using the Prolific platform for online studies and surveys.,"Prolific, online studies, earnings, surveys, platform, experience, submissions"
32,Wildfire Impact Discussion,"People are discussing the impact of wildfires, including smoke, air quality, and personal experiences in affected areas.","wildfires, smoke, air quality, Bay Area, evacuation, climate, weather"
33,Conversation Studies,Participants discuss their experiences and speculations about studies focused on analyzing conversations and human interactions.,"conversation analysis, research study, participant experience, human interaction, video recording, emotional intelligence, pre-screening questions"
34,Exercise and Fitness,"People are discussing various forms of exercise, fitness routines, and their experiences with gyms and physical activities.","exercise, gym, fitness, workout, activities, classes, training"
35,Family Health Challenges,"People are discussing various health challenges faced by their family members, including aging, illness, and caregiving responsibilities.","family, health, illness, caregiving, aging, challenges, support"
36,Protests and Civil Unrest,"People are discussing the logistics, experiences, and implications of protests, particularly those related to Black Lives Matter and civil unrest.","protests, Black Lives Matter, civil unrest, police, riots, coordination, safety"
37,City Living Experiences,"People are discussing their experiences and preferences regarding living in big cities versus rural areas, including aspects like lifestyle, cost, and personal comfort.","city life, rural areas, New York, Chicago, lifestyle, cost of living, personal preferences"
38,Sleep Patterns,"People are discussing their sleep habits, challenges with sleep schedules, and strategies for managing sleep.","sleep, bedtime routine, insomnia, nocturnal, sleep schedule, wake up time"
39,Race and Identity Discussions,"People are discussing various aspects of race, identity, and social issues, including personal experiences and societal challenges related to racism and cultural identity.","race, identity, racism, cultural identity, social issues, personal experiences, discrimination"
40,Travel Disruptions,"People are discussing the impact of COVID-19 on travel plans, including flight cancellations, quarantine restrictions, and the challenges of traveling during the pandemic.","COVID-19, travel, flights, cancellations, quarantine, restrictions, airlines"
41,Stock Market Investing,"People are discussing strategies, experiences, and opinions related to investing in the stock market, including stocks, mutual funds, and retirement accounts.","stock market, investing, stocks, mutual funds, retirement accounts, risk, Tesla"
42,Wedding Planning,"People are discussing their experiences and challenges with wedding planning and proposals, especially during the pandemic.","wedding, proposal, planning, pandemic, reception, engagement, marriage"
43,Hiking and Outdoors,People are discussing their experiences and preferences related to hiking and outdoor activities in various locations.,"hiking, outdoor activities, trails, nature, parks, scenic spots, travel"
44,Cannabis and Legalization,"People are discussing the use, legalization, and regulation of cannabis and related substances across different states and countries.","cannabis, legalization, medical marijuana, decriminalization, dispensaries, regulations, smoking"
45,Hair Care and Styling,"People are discussing various aspects of hair care, styling, and personal experiences with hair treatments and maintenance.","hair care, styling, haircuts, dyeing, barbershops, products, quarantine hair"
46,Healthcare Challenges,"The conversation revolves around the challenges faced by healthcare professionals during the COVID-19 pandemic, including staffing issues, burnout, and the impact on patient care.","healthcare, COVID-19, staffing, burnout, patient care, frontline workers"
47,Social Media Usage,"People are discussing their habits, preferences, and experiences with various social media platforms.","social media, Facebook, TikTok, Instagram, Snapchat, Twitter, usage habits"
48,COVID-19 Case Trends,"People are discussing the rise and fall of COVID-19 cases in various regions, the impact of government policies, and public reactions.","COVID-19, cases, pandemic, lockdown, government policies, public health, vaccination"
49,Texas Living & Travel,"People are discussing living in, traveling to, and experiences in various cities in Texas, including Austin, Dallas, and San Antonio.","Texas, Austin, Dallas, San Antonio, travel, living, cities"
50,Age and Life Stages,"People are discussing their ages, life experiences, and perceptions of age differences.","age, life stages, maturity, perception, generational differences"
51,Holiday Gatherings During Covid,"People are discussing how their holiday gatherings, particularly Thanksgiving and Christmas, are being affected by Covid-19 restrictions and concerns.","holiday gatherings, Covid-19, Thanksgiving, Christmas, family, restrictions, traditions"
52,Work and Careers,"People are discussing their various jobs, career experiences, and work-related activities.","jobs, careers, work, employment, consulting, finance, construction"
53,Medical Careers Exploration,"People are discussing various medical career paths, including becoming doctors, nurses, and physician assistants, and the education and experiences required for each.","medical careers, doctors, nurses, education, specialties, physician assistant, healthcare, training"
54,Programming Languages Discussion,"People are discussing their experiences, preferences, and challenges with various programming languages like Python, Java, and C++.","programming languages, Python, Java, C++, coding challenges, learning programming"
55,Driving Experiences,"People are discussing their experiences, challenges, and preferences related to driving, cars, and transportation.","driving, cars, transportation, commute, license, Uber, traffic"
56,Public Transit Issues,"People are discussing the challenges and experiences related to public transportation systems in various cities, including traffic, infrastructure, and alternatives.","public transportation, traffic, trains, buses, infrastructure, commuting, urban transit"
57,Online User Testing,People are discussing various platforms and methods for earning money by participating in online user testing and beta testing of websites and applications.,"user testing, beta testing, online surveys, earn money, website feedback, application testing, user experience"
58,Online Survey Earnings,People are discussing their experiences and strategies for earning money through online survey platforms.,"online surveys, earnings, survey platforms, income, payment issues, survey qualifications"
59,Online Conversations,People are discussing their experiences and dynamics of engaging in online conversations with strangers.,"online chat, strangers, conversation, experiences, dynamics, icebreakers, connections"
60,Online Reward Programs,"People are discussing various online platforms like Swagbucks and others that offer rewards or money for completing tasks such as surveys, deals, and referrals.","Swagbucks, surveys, rewards, online platforms, money-making, referrals, deals"
61,Psychology Education Paths,"People are discussing their educational and career paths in psychology, including different specializations and the importance of advanced degrees.","psychology, education, career paths, specializations, graduate school, degrees, therapy"
62,Teaching Experiences,"People are discussing their experiences, challenges, and perspectives related to teaching and classroom management.","teaching, classroom management, introvert, substitute teaching, education, students, challenges"
63,Introversion vs Extroversion,"People are discussing their experiences and reflections on being introverted or extroverted, including social interactions and personal preferences.","introvert, extrovert, social interactions, personality, self-reflection, Myers-Briggs"
64,Writing and Publishing,"People are discussing their experiences and aspirations related to writing, publishing, and editing, including blogging, book writing, and freelance editing.","writing, publishing, editing, blogging, freelance, book, articles"
65,Visa and Citizenship Issues,"People are discussing challenges and experiences related to visas, citizenship applications, and passport renewals.","visa, citizenship, passport, application, renewal, consulate, residency"
66,West Coast Living,"People are discussing their experiences, preferences, and opinions about living and traveling on the West Coast of the United States, particularly in cities like Portland, Seattle, and San Francisco.","West Coast, Portland, Seattle, San Francisco, travel, living, cities"
67,Relocation Decisions,"People are discussing their experiences and considerations regarding moving to different places for work, family, or lifestyle reasons.","moving, relocation, job opportunities, family, lifestyle, community, residency"
68,Regional Living Experiences,"People are discussing their experiences living in various regions of the United States, including moving, local culture, and geographic locations.","moving, regional culture, North Carolina, Nashville, Asheville, travel, living experiences"
69,Healthcare Costs and Access,"People are discussing the challenges and frustrations related to healthcare costs, insurance, and access to medical services in different regions and countries.","healthcare, insurance, costs, access, medical services, universal health care, medication"
70,Wildlife Encounters,"People are discussing various encounters and experiences with wildlife, including animals like cougars, bears, and deer, and their behaviors and habitats.","wildlife, encounters, animals, bears, cougars, deer, habitats"
71,Participating in Focus Groups,People are discussing their experiences and strategies for participating in focus groups and market research studies to earn extra income.,"focus groups, market research, surveys, income, online studies, screener questions"
72,Halloween Traditions,"People are discussing their plans, experiences, and opinions related to Halloween activities, including trick-or-treating, decorations, and the impact of COVID-19.","Halloween, trick-or-treating, decorations, COVID-19, candy, costumes, holiday traditions"
73,Zoom Usage Discussion,"People are discussing the use of Zoom for various purposes, comparing it to other platforms, and sharing experiences and challenges related to virtual communication.","Zoom, virtual meetings, Skype, Microsoft Teams, video calls, technology, remote work"
74,Currency Exchange Earnings,"People are discussing their experiences with earning and cashing out money through surveys or other online activities, focusing on currency exchange rates and conversion to US dollars.","cash out, currency exchange, surveys, PayPal, British pounds, US dollars, online earnings"
75,Math Experiences,"People are discussing their experiences, challenges, and opinions about learning and using math in education and daily life.","math, education, challenges, experiences, opinions, learning, classes"
76,Grocery and Food Delivery,"People are discussing their experiences and preferences with grocery and food delivery services, including curbside pickup and delivery challenges.","grocery delivery, curbside pickup, food delivery, online shopping, delivery challenges, store pickup"
77,Home Gardening,"People are discussing their experiences, challenges, and successes with home gardening and growing various plants.","gardening, plants, vegetables, greenhouse, crops, soil, harvest"
78,Voting Challenges,"People are discussing various challenges and experiences related to voting, including early voting, mail-in ballots, and voting security concerns.","voting, mail-in ballots, early voting, voting security, voter registration, polling places, election process"
79,Critique of America,"People are discussing various criticisms and perceptions of the United States, including its democracy, capitalism, culture, and foreign policy.","United States, democracy, capitalism, culture, foreign policy, perception, criticism"
80,Tech Careers & Skills,"People are discussing career paths, skills, and certifications in technology fields like cybersecurity, data science, and software development.","cybersecurity, coding, certifications, cloud computing, data science, software development, tech careers"
81,Regional Accents,"People are discussing various regional accents in the United States and other countries, sharing personal experiences and perceptions.","accents, regional, United States, southern, midwestern, British, language"
82,Biology Studies,"People are discussing various aspects of studying and working in the field of biology, including computational biology, microbiology, and genetics.","biology, computational biology, microbiology, genetics, research, grad school, vaccines"
83,Political Discussions,"People are discussing their political views, experiences, and the polarization surrounding Trump and other political figures.","Trump, politics, polarization, Republican, Democrat, election, debate"
84,Tattoo Experiences,"People are discussing their personal experiences, preferences, and stories related to getting tattoos.","tattoos, personal stories, tattoo artists, pain, meaning, conventions"
85,Names and Naming,"People are discussing the uniqueness, origins, and personal stories behind their names and nicknames.","names, nicknames, origins, uniqueness, personal stories, cultural influences"
86,Online Side Gigs,People are discussing various online platforms and methods for earning extra income through side gigs and surveys.,"online income, side gigs, surveys, Prolific, Amazon Mechanical Turk, passive income, earnings"
87,Prolific Assistant Extension,People are discussing the use of the Prolific Assistant browser extension to get notifications for new studies on Prolific.,"Prolific, browser extension, notifications, studies, Chrome, Firefox"
88,Discussing Hobbies,"People are discussing their hobbies and interests, including outdoor activities, video games, and pets.","hobbies, interests, video games, outdoor activities, pets, travel, crafts"
89,Law School Experiences,"People are discussing their experiences, thoughts, and career paths related to law school and the legal profession.","law school, legal career, lawyer, experiences, education, career paths, legal profession"
90,Internet and Phone Plans,"People are discussing their experiences with internet and phone service providers, including issues with speed, cost, and switching providers for better deals.","internet, phone plans, providers, speed, cost, switching, Comcast, Verizon"
91,Technology Evolution,"People are discussing the evolution of technology and communication methods over the years, comparing past and present experiences.","technology, communication, evolution, past vs present, cell phones, internet, nostalgia"
92,Education and Career Paths,"People are discussing their educational backgrounds, future academic plans, and how these relate to their career aspirations.","education, career, degree, grad school, PhD, masters, work experience"
93,Wealth and Lifestyle,"People are discussing the display of wealth, the disparity between rich and poor, and the societal perceptions of wealth and fame.","wealth, fame, disparity, lifestyle, celebrities, money, societal perceptions"
94,Chronic Pain Management,"People are discussing their experiences with chronic pain, injuries, and the various treatments and coping strategies they use to manage their conditions.","chronic pain, injuries, treatment, physical therapy, mobility, surgery, exercise"
95,Cybersecurity Concerns,"People are discussing various aspects of cybersecurity, including hacking, data privacy, and the risks associated with online activities.","cybersecurity, hacking, data privacy, online security, surveillance, personal information, data breaches"
96,Snakes and Wildlife,"People are discussing encounters with snakes and other wildlife, sharing personal experiences and concerns about living near these animals.","snakes, wildlife, encounters, alligators, pets, Florida, New Zealand"
97,Political Geography in US,"People are discussing the political landscape and voting patterns in various US states, highlighting the contrast between urban and rural areas.","red state, blue state, swing state, conservative, liberal, urban, rural, voting patterns"
98,Autism and Diagnosis,"People are discussing experiences, challenges, and perspectives related to autism diagnosis and living with autism.","autism, diagnosis, spectrum, challenges, experiences, children, high functioning"
99,Beer Money Sites,"People are discussing various online platforms and methods to earn small amounts of extra money, often referred to as ""beer money,"" through tasks and activities shared on Reddit.","Beer Money, Reddit, online earning, mturk, Prolific, side income, apps"
100,Credit Card Strategies,"People are discussing strategies for maximizing benefits from credit cards and bank accounts, such as earning bonuses and points.","credit cards, bank accounts, bonuses, points, financial strategies, rewards, Doctor of Credit"
101,Traveling to Canada,"People are discussing their experiences, plans, and thoughts about traveling to and within Canada, including cities like Toronto and Vancouver.","Canada, travel, Toronto, Vancouver, experiences, plans, cities"
102,Fear of Insects,"People are discussing their fear and dislike of various insects and spiders, sharing personal experiences and anecdotes.","spiders, mosquitoes, caterpillars, fear, insects, Australia, bites"
103,California Living,"People are discussing their experiences living in California, including places they have lived, schools attended, and family history in the state.","California, Bay Area, UC Davis, San Francisco, family history, moving, schools"
104,Energy Sources Debate,"People are discussing various energy sources, including nuclear, renewable, and zero-point energy, and their implications for the future.","energy sources, nuclear, renewable, zero-point energy, oil and gas, solar, environmental impact"
105,Family Living Situations,People are discussing their living arrangements with family members and the impact of distance and COVID-19 on family interactions.,"family, living arrangements, COVID-19, distance, interactions, siblings, parents"
106,Casino Gambling Experiences,"People are discussing their experiences and strategies related to gambling in casinos, including poker and slot machines.","casinos, gambling, poker, slot machines, strategies, experiences, betting"
107,Prolific Study Conversations,Participants are discussing their experiences and interactions while participating in studies on the Prolific platform.,"Prolific, study, conversation, participants, online platform, research, video chat"
108,Amazon Mechanical Turk,People are discussing their experiences and opinions about using Amazon Mechanical Turk for completing tasks and earning money.,"Amazon Mechanical Turk, mturk, surveys, tasks, earning money, online work"
109,Generational Differences,"People are discussing the differences in attitudes, behaviors, and challenges across various generations, including perceptions of selfishness, openness, and technological adaptation.","generations, millennials, Gen Z, technology, social change, attitudes, behaviors"
110,Quarantine Experiences,"People are discussing their personal experiences, challenges, and adaptations during the COVID-19 quarantine.","quarantine, COVID-19, social distancing, isolation, adaptation, personal experiences"
111,Rural Living and Farming,"People are discussing their experiences and lifestyles living in rural areas, including farming, land ownership, and the benefits of country life.","rural living, farming, land ownership, country life, family farms, acreage, livestock"
112,Movie Theaters' Decline,"People are discussing the decline of movie theaters due to the pandemic and the rise of streaming services, along with the financial struggles faced by theater chains.","movie theaters, pandemic, streaming services, AMC, Regal, financial struggles"
113,Police Misconduct and Gun Issues,"People are discussing police misconduct, gun violence, and the societal impact of these issues, including personal experiences and opinions on law enforcement and gun laws.","police misconduct, gun violence, law enforcement, societal impact, personal experiences, gun laws, crime rate"
114,Retail Work Experiences,"People are discussing their experiences, challenges, and opinions about working in retail and customer service jobs.","retail, customer service, job experiences, challenges, coworkers, work environment, customer interactions"
115,Time Management Challenges,"People are discussing their struggles and strategies related to managing time effectively, especially in the context of school and personal productivity.","time management, procrastination, productivity, school, motivation, planning, priorities"
116,Medical Procedures and Recovery,"People are discussing their experiences with various medical procedures, surgeries, and the recovery process.","surgery, recovery, hospital, anesthesia, medical procedures, health issues"
117,Political Party Dynamics,"People are discussing the dynamics and perceptions of political parties in the U.S., including dissatisfaction with the two-party system and the role of third parties.","political parties, two-party system, third parties, Republicans, Democrats, Libertarians, political beliefs"
118,Mental Health Challenges,"People are discussing their experiences with various mental health disorders, treatments, and coping strategies.","mental health, bipolar disorder, anxiety, therapy, medication, support groups, diagnosis"
119,Work-Life Balance,"People are discussing their experiences and challenges with work-life balance, particularly in the context of working from home and managing family responsibilities.","work from home, family, balance, job, kids, stress, pandemic"
120,Website Development,"People are discussing various aspects of website development, including tools, platforms, and hosting options.","website development, hosting, WordPress, Dreamweaver, Wix, GoDaddy, programming"
121,Family Dynamics,"People are discussing their relationships and interactions with family members, including parents, siblings, and extended family, highlighting both supportive and challenging aspects.","family, parents, siblings, relationships, support, challenges, communication"
122,Chemistry Education,"People are discussing their experiences and challenges with chemistry courses, particularly organic chemistry, in college.","chemistry, organic chemistry, college, courses, education, labs, physics"
123,College Costs Discussion,"People are discussing the costs, financial aid, and decision-making processes related to attending college or university.","college, tuition, scholarships, financial aid, student loans, university, education costs"
124,Vision and Eyewear,"People are discussing their experiences and concerns related to vision, eyewear, and eye care, including glasses, contacts, and eye surgeries.","glasses, contacts, eye doctor, prescription, LASIK, vision, eyewear"
125,Las Vegas Trips,"People are discussing their experiences and activities during trips to Las Vegas, including visiting casinos, enjoying the city, and comparing it to other destinations.","Las Vegas, casinos, travel, vacation, gambling, city attractions"
126,Beach Visits,"People are discussing their experiences, preferences, and opinions about visiting various beaches.","beaches, travel, summer, ocean, sand, vacation, coastal areas"
127,Extra Income Spending,People are discussing how they use extra income from online activities for discretionary spending without affecting their main savings.,"extra money, online income, discretionary spending, savings, frugal, guilt-free shopping, financial management"
128,Alcohol Use and Effects,"People are discussing their experiences with alcohol consumption, its effects on their lives, and efforts to moderate or quit drinking.","alcohol, drinking habits, moderation, addiction, sobriety, withdrawal, socializing"
129,Pet Birds and Care,"People are discussing their experiences, challenges, and observations related to owning and caring for pet birds, particularly parakeets and other small birds.","pet birds, parakeets, bird care, pet ownership, bird behavior, eggs, noise"
130,Student Loan Debt,"People are discussing the challenges and consequences of student loan debt, including repayment difficulties and the impact on their lives.","student loans, debt, repayment, financial burden, education, interest, default"
131,Midwest Living & Travel,"People are discussing their experiences living in and traveling around the Midwest, mentioning various cities and states.","Midwest, Michigan, Wisconsin, Minnesota, travel, cities, family"
132,Toilet Paper Shortage,People are discussing the shortage and rationing of toilet paper during the COVID-19 pandemic and their strategies for stocking up.,"toilet paper, shortage, COVID-19, rationing, stocking up, pandemic, supply chain"
133,Podcasts and YouTube Channels,"People are discussing various podcasts and YouTube channels they enjoy, covering topics like true crime, politics, language learning, and entertainment.","podcasts, YouTube, true crime, politics, entertainment, language learning"
134,Backyard Chickens,"People are discussing their experiences, challenges, and benefits of raising chickens at home, including for eggs and as pets.","chickens, eggs, backyard, pets, raising, experiences, challenges"
135,Weather and Rain,"People are discussing various weather conditions, particularly rain and storms, in different regions.","weather, rain, storms, humidity, hurricane, thunderstorm, flood"
136,Exiting Online Survey,Participants are discussing how to properly exit an online survey or chat and proceed to the next steps.,"exit, survey, close window, next page, questions, chat, complete"
137,Combat Sports Discussion,"People are discussing various aspects of combat sports, including weight classes, martial arts styles, injuries, and historical practices.","combat sports, martial arts, boxing, weight classes, injuries, UFC, historical practices"
138,Disney and Theme Parks,"People are discussing their experiences and plans related to visiting Disney World, Disneyland, and other theme parks like Universal Studios.","Disney World, Disneyland, Universal Studios, theme parks, Orlando, Florida, rides"
139,VR and Simulators,"People are discussing virtual reality headsets and flight simulators, sharing experiences and opinions on their usage and effectiveness.","VR headsets, Oculus, flight simulator, gaming, immersive experience, Microsoft Flight Simulator"
140,2020 US Election,"Discussion about the 2020 US Presidential Election results, Senate races, and related controversies.","2020 election, Biden, Trump, Senate races, Georgia runoff, mail-in voting, election fraud"
141,Flat Landscapes in US,"People are discussing the flat landscapes and geographical features of various states in the US, particularly in the Midwest and South.","flat, landscapes, Midwest, US states, geography, hills, mountains"
142,Genealogy and Ancestry,"People are discussing their family histories, genealogy research, and DNA testing to uncover their ancestral roots.","genealogy, ancestry, DNA testing, family history, heritage, ancestry.com, family tree"
143,Voting System Issues,"People are discussing the challenges and opinions surrounding the American voting system, including the Electoral College, voter participation, and potential reforms.","voting, Electoral College, voter participation, reforms, ranked choice voting, mandatory voting, election day holiday"
144,Theater and Acting,"People are discussing their experiences, aspirations, and challenges related to theater and acting, including education, performances, and personal growth.","theater, acting, performances, education, drama, stage, musical theater"
145,Russian culture and history,"People are discussing various aspects of Russian culture, history, and experiences, including Soviet nostalgia, cultural differences, and travel experiences.","Russia, Soviet Union, culture, history, travel, nostalgia, cultural differences"
146,Medical Issues and Treatment,"People are discussing their experiences with medical issues, treatments, and interactions with healthcare providers, including heart problems and antibiotic resistance.","heart issues, antibiotics, medical treatment, healthcare, genetic conditions, exercise, symptoms"
147,Event Ticketing Challenges,"People are discussing the challenges and experiences related to purchasing and attending events, including ticket costs, availability, and seating arrangements.","ticket prices, event attendance, seating arrangements, ticket availability, event planning, social distancing, ticket fees"
148,School Covid Challenges,"People are discussing the challenges and decisions related to school operations during the Covid pandemic, including closures, hybrid models, and health concerns.","Covid, schools, closures, hybrid learning, health concerns, quarantine"
149,Disney Parks Closure,"People are discussing the impact of COVID-19 on Disney theme parks, including closures, safety measures, and economic effects.","Disney, theme parks, COVID-19, closures, safety measures, economic impact"
150,Unconventional Relationships,"People are discussing their experiences with unconventional and long-distance relationships, often initiated online or through unique circumstances.","long-distance, online dating, unconventional, relationships, meeting, connection, love"
151,Online English Teaching,"People are discussing opportunities and experiences related to teaching English online, particularly to students in China, and the requirements and platforms involved.","online teaching, English, China, TESOL, work from home, certification, platforms"
152,Military Careers,"People are discussing their experiences, aspirations, and challenges related to military careers and training.","military, pilot, ROTC, training, National Guard, aviation, service benefits"
153,Science and Misinformation,"People are discussing the challenges of misinformation, denial of science, and the influence of politics and religion on scientific understanding.","science denial, misinformation, politics, religion, conspiracy theories, peer review, climate change"
154,2020 U.S. Election Concerns,People are discussing their concerns and predictions about the 2020 U.S. presidential election and its aftermath.,"election, Trump, Biden, political pressure, voting, inauguration, civil unrest"
155,Parenting Challenges,"People are discussing the challenges and responsibilities of parenting, including raising children, discipline, and emotional development.","parenting, children, discipline, emotional development, responsibilities, challenges, upbringing"
156,Streaming vs Cable TV,"People are discussing the pros and cons of streaming services compared to traditional cable TV, including cost, convenience, and content availability.","streaming services, cable TV, cost, convenience, content availability, subscriptions, digital media"
157,Winter Sports Activities,"People are discussing various winter sports activities such as skiing, snowboarding, and sledding, sharing personal experiences and preferences.","skiing, snowboarding, sledding, winter sports, snow, cross country skiing, downhill skiing"
158,Fireworks and Regulations,"People are discussing the use, legality, and impact of fireworks, including their effects on pets and community tensions.","fireworks, legality, pets, community, regulations, celebrations, protests"
159,Cheap Flight Deals,People are discussing strategies and experiences for finding and booking cheap flights using various airlines and travel tools.,"cheap flights, airlines, travel deals, booking strategies, flight discounts, airfare savings"
160,Theater During COVID-19,"People are discussing the impact of COVID-19 on theater productions, including closures, adaptations, and future prospects.","theater, COVID-19, Broadway, closures, adaptations, performances, streaming"
161,Social Interactions,"People are discussing various social interactions, including friendships, relationships, and plans to meet up.","friendships, relationships, meet up, socializing, communication, plans"
162,Driving and Traffic Issues,"People are discussing various driving experiences, traffic laws, and road conditions in different locations.","driving, traffic, road conditions, parking, highways, roundabouts, speed limits"
163,COVID-19 Experiences,"People are discussing their experiences and challenges during the COVID-19 pandemic, including travel, quarantine, and regional differences in case numbers.","COVID-19, pandemic, quarantine, travel, regional differences, experiences, challenges"
164,Living in Florida,"People are discussing their experiences, comparisons, and connections related to living in Florida.","Florida, living, moving, experiences, comparisons, cities, family"
165,Rising College Costs,"People are discussing the increasing costs of college tuition and related expenses, expressing frustration over affordability and value.","college tuition, rising costs, affordability, student loans, online education, campus fees"
166,COVID-19 Response Critique,"People are discussing the varying responses to the COVID-19 pandemic by different countries, highlighting the perceived inadequacies in the United States' approach compared to other nations.","COVID-19, pandemic response, United States, international comparison, public health, contact tracing, lockdowns"
167,Daylight Savings Time,"People are discussing the effects, experiences, and opinions about daylight savings time and its impact on daily life.","daylight savings, time change, sunset, sunrise, time zones, seasonal changes"
168,Military Experiences,"People are discussing their personal and family experiences related to military service, including deployments, careers, and the impact of war.","military service, deployments, veterans, war experiences, family, Air Force, Vietnam War"
169,Grocery Store Preferences,People are discussing their experiences and preferences with various grocery store chains across different regions.,"grocery stores, Trader Joe's, Publix, Wegmans, Whole Foods, regional chains"
170,Deaf Culture and Sign Language,"People are discussing various aspects of deaf culture, sign language, and experiences related to the deaf community.","deaf culture, sign language, ASL, deaf community, interpreting, communication, Gallaudet University"
171,Pet Waste Management,"People are discussing various methods and products for managing pet waste, including litter boxes, toilet training, and related challenges.","pet waste, litter box, toilet training, cat, dog, cleaning, products"
172,Carol Baskin Allegations,"People are discussing the allegations against Carol Baskin regarding the disappearance of her husband, as well as opinions on her character and involvement in the ""Tiger King"" series.","Carol Baskin, Tiger King, husband disappearance, Joe Exotic, murder allegations, reality TV"
173,Travel Destinations,"People are discussing various travel destinations, sharing experiences, and expressing interest in visiting places like Hawaii, Washington D.C., and New York.","travel, Hawaii, Washington D.C., New York, tourism, destinations, experiences"
174,Cleaning and Hygiene Practices,"People are discussing their cleaning habits and hygiene practices, especially in the context of the COVID-19 pandemic.","cleaning, hygiene, COVID-19, sanitizing, handwashing, Clorox wipes, hand sanitizer"
175,Women's Work Changes,Discussion about various women's career changes and adaptations during the pandemic.,"occupational therapy, nursing, remote work, healthcare, career change, pandemic, research"
176,Retirement Planning,"People are discussing their plans, challenges, and considerations related to retirement, including pensions, age, and financial security.","retirement, pension, financial planning, age, work, benefits, early retirement"
177,Disability Benefits Challenges,"People are discussing their experiences and challenges with applying for and receiving disability benefits, including issues with Social Security and the impact on their lives.","disability, Social Security, benefits, application, challenges, health issues, financial struggles"
178,Animal Research Models,"Discussion on using various animal species as models for infectious disease research, including COVID-19 and tuberculosis.","animal models, infectious disease, monkeys, hamsters, research, COVID-19, tuberculosis"
179,Rural Life & Hunting,"People are discussing rural living, hunting practices, and managing farm animals.","rural living, hunting, farm animals, deer, elk, cows, livestock"
180,Memory and Cognition,"People are discussing various aspects of memory, including its reliability, decision-making based on memory, and the impact of memory disorders.","memory, cognition, decision-making, false memories, memory disorders, brain processes, trauma"
181,Personal Relocation Stories,"People are discussing their personal experiences of moving and living in different places, including cities and countries, and how these moves have impacted their lives.","relocation, moving, cities, countries, experiences, living, hometowns"
182,Arizona and Surroundings,"People are discussing their experiences and opinions about living in or visiting various places in Arizona and nearby regions, focusing on climate, geography, and lifestyle.","Arizona, Tucson, Phoenix, desert, climate, lifestyle, travel"
183,Amusement Park Rides,"People are discussing their experiences, fears, and preferences regarding amusement park rides, particularly roller coasters and water slides.","roller coasters, water slides, amusement parks, fear, thrill rides, safety concerns"
184,Making Money on MTurk,"People are discussing their experiences, strategies, and challenges in earning money through Amazon Mechanical Turk (MTurk) and similar platforms.","MTurk, earning money, online work, scripts, HITs, Prolific, UHRS"
185,Unstructured Conversations,"Participants are engaging in open-ended, unstructured conversations without specific topics or guidelines.","conversation, open-ended, no agenda, small talk, guidelines, chat, instructions"
186,Outdoor Dining Challenges,"People are discussing the challenges and adaptations of outdoor dining during restrictions, including seating arrangements and regulations.","outdoor dining, seating restrictions, restaurant adaptations, COVID-19, ventilation, social distancing, regulations"
187,Dating and Relationships,"People are discussing their experiences, challenges, and perspectives on dating, relationships, and being single.","dating, relationships, single, open relationships, marriage, loneliness, societal pressure"
188,Meditation Practices,"People are discussing their experiences, techniques, and thoughts on meditation and mindfulness.","meditation, mindfulness, techniques, experiences, focus, breath, awareness"
189,Engineering Careers,"People are discussing their experiences, education, and career paths in various engineering fields.","engineering, careers, mechanical, aerospace, education, hands-on, theoretical"
190,Internship Challenges,"People are discussing their experiences, challenges, and strategies related to internships, including application processes, cancellations, and the importance of internships for career development.","internships, career development, application process, challenges, unpaid internships, job market, experience"
191,Chaotic RPG Campaign,"Participants discuss a chaotic role-playing game campaign involving rogues, curses, and unintended consequences.","RPG, rogue, curse, sloth, chaos, campaign, Wolf Pine"
192,Chicago Living Experiences,"People are discussing their experiences, opinions, and observations about living in or visiting Chicago, including its neighborhoods, crime, and comparisons to other cities.","Chicago, neighborhoods, crime, city life, comparisons, experiences, living"
193,Earthquake Experiences,"People are discussing their experiences and thoughts about earthquakes, including their frequency, impact, and the anticipation of a major event.","earthquakes, fault lines, tremors, Ring of Fire, San Andreas, California, natural disasters"
194,Store Capacity Limits,People are discussing the limitations on the number of people allowed in stores and the measures taken to ensure social distancing during shopping.,"store capacity, social distancing, lines, directional aisles, shopping restrictions, waiting in line"
195,Covid on campuses,"People are discussing the impact of Covid-19 on college campuses, including quarantine measures, school closures, and student behavior.","Covid-19, college campuses, quarantine, school closures, student behavior, infection rates"
196,Career Reflections,"People are discussing their career paths, job satisfaction, and life choices related to work and personal fulfillment.","career, job satisfaction, life choices, work-life balance, retirement, personal fulfillment, career change"
197,Therapy Experiences,"People are discussing their personal experiences, challenges, and opinions about therapy and therapists.","therapy, therapist, sessions, experiences, mental health, goals, virtual therapy"
198,AI and Future Society,"People are discussing the implications, potential, and ethical considerations of artificial intelligence and its impact on future society.","artificial intelligence, future, society, technology, ethics, automation, robotics"
199,Broadway Musicals Discussion,People are discussing their experiences and opinions on various Broadway musicals and theater productions.,"Broadway, musicals, theater, Wicked, Hamilton, Sondheim, productions"
200,Weekend Plans,"People are discussing their plans for the weekend, including activities like visiting family, going to parks, and staying home.","weekend, plans, family, activities, staying home, visiting, social distancing"
201,Prolific survey experiences,"People are discussing their experiences with taking surveys on the Prolific platform, including issues with rejections, ratings, and communication with researchers.","Prolific, surveys, rejections, ratings, researchers, communication, experiences"
202,Prolific Survey Platform,People are discussing their experiences and opinions about using the Prolific survey platform for earning money through online surveys.,"Prolific, surveys, online earnings, survey platforms, user experience, academic research, fair pay"
203,Social Isolation Experiences,"People are discussing their experiences and feelings about social isolation, including the challenges and adaptations during periods of limited social interaction.","social isolation, loneliness, introversion, quarantine, adaptation, solitude, social interaction"
204,College Experiences,"People are discussing their experiences with college classes, exams, and the challenges they faced during their studies.","college, exams, classes, challenges, professors, grades, testing"
205,Fishing and Catfishing,"People are discussing various aspects of fishing, including conservation, techniques, and experiences, as well as the concept of catfishing in online dating.","fishing, conservation, catfishing, dating apps, techniques, experiences"
206,Education and Career Choices,"People are discussing their children's education paths, career decisions, and the impact of COVID-19 on schooling and work.","education, college, career, COVID-19, gap year, remote learning, scholarships"
207,Online Transcription Work,"People are discussing the challenges, experiences, and potential earnings associated with online transcription jobs.","transcription, online work, audio quality, earnings, job challenges, platforms"
208,Home Renovation Issues,"People are discussing various issues and experiences related to home renovations, repairs, and supernatural occurrences in their homes.","home renovation, repairs, leaks, basements, supernatural, inspection, flooding"
209,Disability Support Services,"People are discussing their experiences and challenges working in or receiving support from disability services, including group homes and rehabilitation.","disability, support, group homes, caregivers, rehabilitation, occupational therapy, advocacy"
210,Allergy Experiences,"People are discussing their experiences with allergies, including symptoms, triggers, and treatments across different locations.","allergies, symptoms, triggers, treatments, locations, pollen, medication"
211,Exotic Animal Ownership,"People are discussing the ownership, trade, and ethical considerations of keeping exotic animals like tigers and monkeys as pets.","exotic animals, tigers, captivity, ownership, ethical concerns, smuggling, petting zoos"
212,New England Travel,"People are discussing travel experiences, attractions, and cultural aspects of New England, particularly focusing on Boston, Rhode Island, and Connecticut.","New England, Boston, Rhode Island, Connecticut, travel, history, culture"
213,Reddit Communities,"People are discussing their experiences, favorite subreddits, and the diverse communities they engage with on Reddit.","Reddit, subreddits, communities, niche interests, online discussions, user experiences"
214,Midwest Geography & Culture,"People are discussing various cities and regions in the Midwest, sharing personal experiences and perceptions of these places.","Midwest, cities, geography, culture, Ohio, Illinois, Minneapolis, Cincinnati"
215,Careers in Art,"People are discussing their experiences, aspirations, and challenges related to careers in art and working in museums.","art, museum, career, fine arts, design, exhibitions, job opportunities"
216,Financial Mismanagement and Fraud,"People are discussing experiences and issues related to financial mismanagement, fraud, and personal finance strategies.","financial mismanagement, fraud, invoices, passive income, investments, Amazon, nondisclosure agreement"
217,Manufacturing Processes,"People are discussing various manufacturing processes and materials used in industries like foam production, trailer assembly, and packaging.","manufacturing, foam, trailers, materials, assembly, packaging, structural integrity"
218,Online Surveys Experience,"People are discussing their experiences and challenges with completing online surveys, including attention checks and repetitive questions.","online surveys, attention checks, repetitive questions, implicit bias, survey templates, research value"
219,Online Selling Strategies,"People are discussing various methods and experiences related to selling products online, including eBay, Amazon, and drop shipping.","eBay, Amazon, drop shipping, online store, selling, inventory, side hustle"
220,Stimulus Checks Discussion,"People are discussing the distribution, impact, and issues related to government stimulus checks during the pandemic.","stimulus checks, economy, unemployment, government aid, financial relief"
221,Event Cancellations,"People are discussing the widespread cancellation of events due to unforeseen circumstances, affecting various industries and personal plans.","cancellations, events, conferences, festivals, COVID-19, postponements, gatherings"
222,News Consumption Fatigue,"People are discussing their frustration and fatigue with consuming news, particularly around misinformation and overwhelming negative content.","news fatigue, misinformation, negative news, media trust, news avoidance"
223,History Education,"Participants are discussing their experiences and opinions on history education, including courses, teachers, and related subjects.","history, education, courses, teachers, philosophy, literature, AP classes"
224,Hospitality Careers,"People are discussing their experiences and challenges working in various roles within the hospitality industry, including hotels and kitchens.","hospitality, hotels, kitchens, careers, work experiences, challenges, remote work"
225,Gaming Console Releases,"People are discussing the challenges and experiences related to pre-ordering and purchasing new gaming consoles and related technology, including issues with availability, pricing, and scalpers.","gaming consoles, pre-order, PS5, Xbox, scalpers, Black Friday, availability"
226,Socializing During Pandemic,"People are discussing how they have adapted their social activities and interactions during the pandemic, often emphasizing safety measures like masks and social distancing.","pandemic, socializing, masks, distancing, remote work, introverts, parties"
227,Discussing Locations Lived,"People are discussing various places they have lived or visited, sharing experiences and connections to different locations.","Virginia, Baltimore, Richmond, Maryland, Chicago, Austin, New York City"
228,Medical Mishaps,People are discussing various medical errors and unusual experiences with healthcare professionals.,"medical errors, healthcare, doctors, nurses, patient experiences, miscommunication"
229,Alcohol and Drinks,"People are discussing various aspects of alcohol and drinks, including preferences, experiences, and related activities.","wine, beer, cocktails, bartending, drinking habits, alcohol preferences, beverages"
230,Healthcare Work Roles,People are discussing their various roles and experiences working in healthcare and related administrative fields.,"healthcare, hospital, administration, roles, experiences, non-clinical, support staff"
231,Cruise Concerns,"People are discussing the risks, safety, and economic aspects of going on cruises, especially in light of the COVID-19 pandemic.","cruises, safety, COVID-19, travel, discounts, quarantine, pollution"
232,Horse Care and Riding,"People are discussing various aspects of horse care, riding, and the equestrian industry, including training, breeding, and personal experiences with horses.","horses, riding, training, breeding, equestrian, care, auctions"
233,Governors' Pandemic Response,People are discussing the effectiveness and actions of various state governors in handling the COVID-19 pandemic.,"governors, COVID-19, pandemic response, state leadership, political opinions, public health, government actions"
234,Writing Challenges,"People are discussing their experiences, challenges, and preferences related to writing essays, papers, and articles.","writing, essays, papers, challenges, preferences, academic, articles"
235,Audio Equipment Discussion,"People are discussing various audio equipment, including headphones, microphones, and audio interfaces, and their experiences and preferences with these devices.","audio equipment, headphones, microphones, audio interfaces, recording, sound quality, wireless, earbuds"
236,Music Education Careers,"People are discussing their experiences, challenges, and career paths related to music education and performance.","music education, career, teaching, performance, degree, conservatory, instrument"
237,Coping with COVID-19,"People are discussing their experiences and challenges in dealing with the COVID-19 pandemic, including staying home, social distancing, and the impact on daily life.","COVID-19, pandemic, social distancing, staying home, challenges, impact, experiences"
238,Addiction and Recovery,"People are discussing their experiences with addiction, recovery, and the challenges they face in overcoming substance abuse.","addiction, recovery, drugs, alcohol, rehab, probation, anxiety"
239,Lucid Dreaming Experiences,"People are discussing their experiences, techniques, and challenges related to lucid dreaming and nightmares.","lucid dreaming, nightmares, dream control, sleep, dream recall, anxiety, subconscious"
240,Careers in Criminal Justice,"People are discussing their experiences, aspirations, and challenges related to pursuing careers in criminal justice and law enforcement.","criminal justice, law enforcement, police, detective, career, degree, challenges"
241,Great Lakes Discussion,"People are discussing their experiences and locations related to the Great Lakes, including travel, fishing, and environmental issues.","Great Lakes, Michigan, Lake Michigan, Lake Erie, travel, fishing, environment"
242,Experiences in Japan,"People are discussing their experiences and impressions of traveling to and living in Japan, highlighting cultural aspects and personal anecdotes.","Japan, travel, culture, Tokyo, experiences, impressions, language"
243,Balancing School and Work,People are discussing their experiences and challenges of managing schoolwork and jobs simultaneously.,"school, work, students, multitasking, university, classes, studies"
244,Living in NY/NJ,"People are discussing their experiences living in or moving between New York and New Jersey, including commuting, living preferences, and cultural observations.","New York, New Jersey, commuting, living preferences, cultural observations, moving, city life"
245,Pool Reopening Concerns,"People are discussing the reopening of pools and hot tubs, concerns about safety and liability, and the costs associated with pool maintenance.","pools, reopening, safety, liability, maintenance, hot tubs, costs"
246,NYC during pandemic,"People are discussing the changes in New York City, particularly Times Square, during the pandemic, including reduced crowds and safety measures.","New York City, Times Square, pandemic, crowds, safety measures, tourism, empty streets"
247,Dancing and Socializing,"People are discussing various aspects of dancing, including learning, socializing, and personal experiences with dance.","dancing, socializing, dance classes, confidence, clubs, salsa, swing dancing"
248,Internet Trolls & Memes,"People are discussing the prevalence and impact of internet trolls, memes, and cyberbullying on social media platforms.","internet trolls, memes, cyberbullying, social media, harassment, online behavior, trolling"
249,Online Discourse Challenges,People are discussing the challenges and dynamics of engaging in discourse and sharing opinions on social media platforms.,"social media, discourse, opinions, misinformation, cancel culture, online arguments"
250,College Experiences,People are discussing their experiences and opinions about different colleges and universities they have attended or considered.,"college, university, campus, education, experiences, schools, students"
251,University Experiences,People are discussing their experiences and choices related to attending various universities and colleges.,"universities, colleges, education, campuses, California, Chicago, undergraduate, graduate"
252,Conversations with Strangers,"People are discussing their experiences of having conversations with strangers from various locations, often as part of a study or social experiment.","strangers, conversations, locations, study, experiences, diverse backgrounds"
253,Online Surveys & Payments,"People are discussing their experiences with online survey platforms, payment issues, and account verification challenges.","online surveys, payments, account verification, Amazon MTurk, customer service, passive income"
254,Travel and Quarantine,"People are discussing the impact of COVID-19 on travel plans, quarantine requirements, and the tourism industry.","COVID-19, travel, quarantine, tourism, restrictions, economic impact, safety measures"
255,Eating Habits & Spending,"People are discussing their eating habits, preferences for dining out versus cooking at home, and the financial implications of these choices.","eating out, cooking, budgeting, groceries, Uber Eats, alcohol, dining expenses"
256,Creative Design & Development,"People are discussing their experiences and interests in graphic design, animation, and game development, often mentioning specific software and career aspirations.","graphic design, animation, game development, Maya, Blender, coding, interaction design"
257,Teaching Careers,"People are discussing their experiences, challenges, and aspirations related to teaching careers, including career shifts, teaching levels, and alternative education methods.","teaching, career shift, education, alternative education, teaching levels, challenges, aspirations"
258,Beekeeping and Honey,"People are discussing beekeeping practices, challenges, and the production of honey.","beekeeping, honey, bees, hives, queen bee, pollination"
259,Commuting Experiences,"People are discussing their commuting experiences, including commute times, modes of transportation, and the impact on their daily lives.","commute, transportation, travel time, work, public transit, biking, walking"
260,Travel Experiences,"People are discussing their travel experiences, road trips, and visits to various places across the United States and beyond.","travel, road trips, United States, vacations, nature, family trips, destinations"
261,Online Deals & Rewards,"People are discussing various ways to save money and earn rewards through online shopping, apps, and subscription services.","online shopping, rewards, discounts, apps, subscriptions, gift cards, savings"
262,Plasma Donation,"People are discussing the process, frequency, and financial compensation of donating plasma.","plasma donation, compensation, frequency, health, centers, income"
263,Living Spaces,"People are discussing various aspects of living spaces, including room arrangements, moving experiences, and home improvements.","studio, bedroom, closet, moving, apartment, house, space"
264,German Heritage & Travel,"People are discussing their German heritage, experiences living or visiting Germany, and connections to family and culture.","Germany, heritage, family, travel, culture, hometown, relatives"
265,Impact of Pandemic on Businesses,"People are discussing the challenges and impacts faced by small businesses and employees due to the pandemic, including closures, unemployment, and economic difficulties.","small business, pandemic, unemployment, closures, economic impact, layoffs, financial struggle"
266,Aging and Appearance,"People are discussing their experiences with aging, changes in appearance, and perceptions of age.","aging, appearance, hair loss, gray hair, beards, looking younger, perceptions of age"
267,Aviation Experiences,"People are discussing various experiences and stories related to flying, including solo flights, aircraft design, and skydiving.","flying, solo flight, aircraft, skydiving, aviation, RC planes, jetpacks"
268,Oil Pollution Impact,Discussion on the environmental and health impacts of oil production and pollution in various regions.,"oil production, pollution, health impact, environmental issues, refineries, air quality, regulations"
269,Social Interactions,"People are discussing various social interactions, including friendships, dating, and personal connections, often with a focus on communication and shared interests.","friendships, dating, communication, shared interests, social interactions, personal connections"
270,Child Welfare Challenges,"People are discussing the challenges and improvements in the child welfare system, mental health issues, and the impact of trauma on families.","child welfare, mental health, trauma, foster care, family support, system improvements"
271,Tipping Practices,People are discussing tipping practices and issues related to delivery services and other service industries.,"tipping, delivery, service charge, payment, Postmates, DoorDash, customer service"
272,Online Earning Platforms,"People are discussing various online platforms and apps for earning money through surveys, tasks, and mystery shopping.","online earning, surveys, Mechanical Turk, gift cards, mystery shopping, side hustle"
273,Language and Culture Experiences,"People are discussing their experiences with learning languages and understanding different cultures, particularly in Asian countries.","language learning, cultural immersion, South Korea, China, teaching English, travel experiences"
274,Climate Change Concerns,"People are discussing the impacts of climate change, its causes, and the varying perceptions and responses to it.","climate change, global warming, weather patterns, temperature changes, environmental impact, adaptation, skepticism"
275,Scam Experiences,"People are discussing various scam experiences, including fake calls and money requests, often involving impersonation and threats.","scams, impersonation, money requests, fake calls, threats, fraud, jail, Latin Kings"
276,New Jersey vs. New York,"People are discussing the cultural differences, stereotypes, and regional rivalries between New Jersey and New York, including aspects like geography, lifestyle, and sports affiliations.","New Jersey, New York, stereotypes, regional rivalry, Jersey Shore, North Jersey, South Jersey"
277,Gun Ownership and Use,"People are discussing various experiences and opinions related to gun ownership, use, and encounters with law enforcement.","guns, ownership, law enforcement, shooting, legality, self-defense, experiences"
278,Gas Prices During COVID,People are discussing the fluctuation of gas prices during the COVID-19 pandemic and its impact on their expenses and driving habits.,"gas prices, COVID-19, oil industry, fuel costs, driving habits"
279,Fixed Gear Bikes,"People are discussing the characteristics, challenges, and personal experiences related to fixed gear bikes.","fixed gear bikes, biking, modifications, brakes, cycling experiences"
280,Media Bias and Misinformation,"People are discussing the biases in media outlets, the spread of misinformation, and the challenges of discerning truth in news reporting.","media bias, misinformation, fake news, truth, news outlets, journalistic integrity"
281,Universal Basic Income,"People are discussing the concept of Universal Basic Income, its potential benefits, and implications for society and the economy.","Universal Basic Income, taxes, economy, basic needs, redistribution, automation, government policy"
282,Travel to Japan,"People are discussing their experiences, plans, and cultural interests related to traveling to Japan and South Korea.","Japan, travel, culture, South Korea, language, experiences, plans"
283,International Education and Work,"People are discussing their experiences with education and work as international students or immigrants in the U.S., including challenges with qualifications and adapting to new environments.","international students, education, work, immigration, qualifications, U.S., challenges"
284,Wisconsin Culture,"People are discussing various cultural aspects and experiences related to Wisconsin, including its cheese, beer, the Green Bay Packers, and local events.","Wisconsin, cheese, beer, Green Bay Packers, culture, local events, food"
285,College Housing Experiences,"People are discussing their experiences and preferences regarding living in dorms, apartments, and other housing options during college.","dorms, apartments, roommates, campus housing, financial aid, college life, co-ops"
286,Racing Enthusiasts,"People are discussing their experiences and interests in various types of car racing, including NASCAR, drag racing, and electric car races.","racing, NASCAR, drag racing, electric cars, motorsports, car enthusiasts"
287,Remote Work Transition,People are discussing the transition to remote work and the uncertainty about returning to the office due to the pandemic.,"remote work, office return, pandemic, work from home, productivity, company policy, future trends"
288,Job Experiences and Challenges,"People are discussing their experiences, challenges, and opinions related to various jobs, including issues with pay, job security, and company policies.","jobs, pay, company policies, Amazon, job security, employment challenges"
289,Career Transitions,"People are discussing their diverse career paths, transitions between industries, and experiences in different job roles.","career change, job roles, industry transition, work experience, professional growth"
290,Work and Education,"People are discussing their current work and educational experiences, including balancing jobs and studies.","work, education, school, part-time, online courses, teaching, career transition"
291,Choosing Engineering Majors,"People are discussing their experiences, decisions, and challenges related to choosing and studying various engineering and science majors in college.","engineering, computer science, majors, college, career paths, education, decision-making"
292,Weekend Activities,"People are discussing their weekend plans and activities, including chores, relaxation, and leisure activities.","weekend, relaxation, chores, leisure, plans, activities, movies, work"
293,Reptile and Pet Care,"People are discussing the care, behavior, and experiences of keeping reptiles and other exotic pets.","reptiles, tortoises, iguanas, geckos, pet care, exotic pets, lizards"
294,Education and Career Choices,"People are discussing their experiences and decisions related to education, career paths, and the challenges of balancing work and studies.","education, career, college, work experience, degree, job, life choices"
295,Climate Preferences,"People are discussing their preferences and experiences with different climates and regions, often comparing warm and cold weather.","climate, weather, warm, cold, Florida, California, retirement, humidity"
296,Geographic Comparisons,"People are discussing the size and characteristics of different U.S. states and regions, comparing them to each other and to European countries.","geography, state size, travel, U.S. regions, Europe, rural vs urban, population density"
297,Social Work Careers,"People are discussing their experiences, goals, and educational paths related to careers in social work.","social work, career, education, counseling, master's degree, mental health, therapy"
298,Travel Experiences,"People are discussing their travel experiences, plans, and the impact of COVID-19 on their travel aspirations.","travel, COVID-19, Europe, adventure, plans, experiences, conferences"
299,Florida COVID-19 Response,"People are discussing the COVID-19 situation in Florida, focusing on the state's response, public behavior, and media coverage.","Florida, COVID-19, pandemic, public behavior, media coverage, tourism, beaches"
300,Harry Potter Fandom,"People are discussing various aspects of the Harry Potter series, including personal experiences, fan activities, and opinions on the franchise and its creator.","Harry Potter, fandom, J.K. Rowling, characters, fan fiction, typecasting"
301,Study Abroad Experiences,"People are discussing their experiences studying and living abroad in various countries, highlighting cultural differences and personal growth.","study abroad, cultural exchange, travel, Europe, education, personal growth, international experiences"
302,College Experiences,"People are discussing their personal experiences, memories, and reflections on college life, including the transition from high school, independence, and social interactions.","college, independence, dorm life, high school transition, social interactions, online classes"
303,MTurk Tools & Scripts,People are discussing various tools and scripts to optimize their workflow and increase efficiency on Amazon Mechanical Turk.,"MTurk, scripts, HITs, Panda Crazy, Hit Finder, automation, productivity"
304,Online English Teaching,"People are discussing their experiences and considerations related to teaching English online to students in various countries, particularly China.","online teaching, English, China, students, tutoring, language, time difference"
305,Voice Assistants Concerns,"People are discussing the use, privacy concerns, and technical issues related to voice assistants like Alexa and Google Home.","Alexa, Google Home, privacy, voice assistants, technology, recording, security"
306,Hygiene Practices,"People are discussing various hygiene practices and precautions they are taking to prevent the spread of germs, such as using hand sanitizers, wearing masks, and sanitizing surfaces.","hand sanitizer, masks, hygiene, sanitizing, germs, precautions, cleanliness"
307,Organic Produce Concerns,"People are discussing the challenges and considerations of buying and growing organic produce, including issues with pesticides, GMOs, and the benefits of local sourcing.","organic produce, pesticides, GMOs, local sourcing, farmers market, gardening, USDA organic label"
308,US Geography Discussion,"People are discussing various aspects of US geography, including state capitals, personal travel experiences, and geographical knowledge.","US states, geography, travel, state capitals, landmarks, maps"
309,College Campus Life,"People are discussing various aspects of college campuses, including size, layout, facilities, and personal experiences.","college campus, university, student life, campus size, facilities, experiences"
310,Political Polarization,"People are discussing the intense political polarization and division in the U.S., particularly around elections and leadership.","politics, polarization, elections, leadership, division, Republican, Democrat"
311,Career and Volunteering,"People are discussing their careers, volunteer work, and experiences in various jobs and nonprofit activities.","career, volunteer work, nonprofit, job experiences, seniority, small business, public education"
312,Invasive Species Impact,Discussion about the impact of invasive species like murder hornets and their effects on local ecosystems and agriculture.,"murder hornets, invasive species, bees, agriculture, ecosystem, colony collapse, food shortages"
313,Personal Growth and Relationships,"People are discussing personal growth, self-awareness, and navigating relationships with others.","self-awareness, relationships, personal growth, accountability, acceptance, communication, letting go"
314,Challenging Professors,People are discussing their experiences with challenging professors who provide little guidance and expect students to self-teach.,"professors, self-teaching, assignments, lack of guidance, challenging coursework"
315,Abortion Debate,"People are discussing various aspects and opinions on abortion, including legal, ethical, and personal perspectives.","abortion, pro-choice, pro-life, pregnancy, women's rights, legal issues, ethics"
316,Online Earnings,People are discussing their experiences and earnings from various online platforms and activities.,"online income, earnings, side hustle, surveys, browser extension, payout system"
317,Living in Colorado,"People are discussing their experiences, preferences, and opinions about living in Colorado, including its cities, lifestyle, and cost of living.","Colorado, Denver, Boulder, traffic, cost of living, lifestyle, moving"
318,Casual Conversations,"People are engaging in casual conversations about their daily lives, weekend plans, and mundane activities.","casual chat, daily life, weekend plans, mundane activities, small talk"
319,Coping with Illness,"People are discussing their experiences and challenges related to illness, particularly flu and COVID-19, and how they are managing during quarantine.","illness, flu, COVID-19, quarantine, symptoms, medicine, immune system"
320,Coffee Preferences,"People are discussing their coffee drinking habits, preferences, and experiences with caffeine.","coffee, caffeine, drinking habits, preferences, espresso, creamer, black coffee"
321,Yoga and Mindfulness,"People are discussing their experiences and practices related to yoga, mindfulness, and integrating various forms of meditative exercises into their routines.","yoga, mindfulness, meditation, exercise, qigong, breathing techniques, mental health"
322,COVID-19 Impact on Cities,"People are discussing the impact of COVID-19 on various cities, including changes in daily life, restrictions, and the eerie atmosphere due to reduced activity.","COVID-19, cities, restrictions, New York, pandemic, impact, daily life"
323,COVID-19 Origins Debate,"People are discussing theories and uncertainties about the origins of COVID-19, including whether it is man-made or naturally occurring.","COVID-19, origins, man-made, natural, bats, lab, China"
324,Sales and Compensation,"People are discussing the dynamics of sales roles, compensation structures, and the challenges and benefits of working in sales.","sales, commission, compensation, salespeople, company dynamics, problem-solving, management"
325,Online Survey Platforms,"People are discussing their experiences and preferences with various online survey platforms, particularly Prolific, and comparing them to other sites like Amazon Turk and SurveyMonkey.","Prolific, surveys, Amazon Turk, SurveyMonkey, online platforms, earnings, quality"
326,Relationships and Breakups,"People are discussing the dynamics of romantic relationships, breakups, and the importance of maintaining friendships.","relationships, breakups, friendship, love, insecurity, open relationships, emotions"
327,Online Survey Earnings,"People are discussing their experiences and strategies for earning money by completing online surveys, including payment rates, survey lengths, and bonuses.","online surveys, earnings, payment rates, bonuses, survey lengths, strategies"
328,High School vs College Friends,"People are discussing their friendships from high school and college, comparing how they made friends and maintained relationships in both settings.","high school, college, friends, relationships, social connections, dorm, reunion"
329,Stand-up Comedy Challenges,"The discussion revolves around the challenges faced by stand-up comedians during a time when live performances are not possible, leading them to explore online platforms and other alternatives.","stand-up comedy, online performances, comedians, live events, podcasts, comedy clubs, Youtube"
330,Hobbies and Interests,"People are discussing their various hobbies and interests, including music, sports, and other leisure activities.","music, video games, guitar, reading, sports, hobbies, interests"
331,Online Survey Platforms,People are discussing their experiences and opinions about participating in online survey platforms for extra income.,"online surveys, extra income, survey platforms, user testing, prolific, mturk"
332,Sensory Experiences,"People are discussing various sensory experiences, including visual anomalies, smells, and memories triggered by these senses.","sensory experiences, visual anomalies, smells, memories, ghosts, uncanny valley, decomposition"
333,Anatomy Education,"People are discussing various methods and experiences related to learning anatomy, including dissections, virtual reality, and cadaver labs.","anatomy, dissection, cadaver, virtual reality, education, lab, body parts"
334,College Education Paths,"People are discussing various aspects of college education, including transfer credits, community college, financial challenges, and personal experiences.","college, education, community college, transfer credits, financial challenges, personal experiences"
335,Political Polarization,People are discussing the increasing political polarization in the United States and its impact on society and governance.,"polarization, politics, division, two-party system, society, governance, echo chambers"
336,Dental Hygiene Discussion,"People are discussing dental hygiene practices, including flossing, brushing, and dental health habits.","dental hygiene, flossing, brushing, teeth, dental health, habits"
337,Prison System Issues,"People are discussing the problems and reform needs of the American prison system, comparing it to European models, and highlighting issues like isolation, corporate prisons, and recidivism.","prison reform, American justice system, isolation, corporate prisons, recidivism, European jails"
338,Bruce Wayne Fan Fiction,People are discussing a humorous fan fiction story where Bruce Wayne is banned from Walmart due to various antics and interactions with Tim Drake.,"Bruce Wayne, fan fiction, Walmart, Tim Drake, humor, DC Universe"
339,Birthday Discussions,"People are discussing their birthdays, ages, and related celebrations or reflections.","birthday, age, celebration, party, horoscope, reflection, lockdown"
340,Alcohol Consumption Trends,"People are discussing various experiences and practices related to alcohol consumption, including breweries, to-go drinks, and unique local customs.","breweries, beer, to-go drinks, alcohol, local customs, cocktails, festivals"
341,Homelessness Issues,"People are discussing the challenges, solutions, and government responses related to homelessness in various regions.","homelessness, shelters, government, poverty, services, community, solutions"
342,Art and Creativity,"People are discussing their involvement in art, creative work, and balancing it with other life responsibilities.","art, creativity, digital art, hobbies, work-life balance, gig work"
343,Unstructured Conversations,"Participants are engaging in unstructured, casual conversations without a specific topic, often discussing work, COVID-19, and personal interests.","conversation, casual, work, COVID-19, unstructured, small talk, interviews"
344,True Crime Stories,"People are discussing various true crime stories, including famous murder cases and criminal investigations.","true crime, murder, investigation, criminal cases, famous criminals, unsolved mysteries, law enforcement"
345,Pandemic Comparisons,"People are discussing the spread and impact of various viruses, comparing COVID-19 to past pandemics like the Spanish flu and discussing other viruses like Ebola.","COVID-19, Spanish flu, Ebola, pandemic, virus spread, infection rates, mortality"
346,Life Reflections,"People are discussing their reflections on life choices, goals, and the importance of enjoying the journey rather than focusing solely on the destination.","life choices, goals, journey, reflection, enjoyment, future, regrets"
347,Evolution of Music Media,"People are discussing the evolution of music and media consumption, reminiscing about older formats like CDs, cassettes, and record players, and comparing them to modern digital streaming.","music, CDs, cassettes, record players, digital streaming, media consumption, nostalgia"
348,Quarantine Restrictions,People are discussing quarantine restrictions and travel limitations between states due to COVID-19.,"quarantine, travel restrictions, COVID-19, states, enforcement, fines, travel bans"
349,Crime and Kidnapping,"People are discussing various aspects of crime, including kidnapping for ransom, repossession, and criminal organizations.","crime, kidnapping, ransom, repossession, criminal organizations, tracking, security"
350,Fear of Needles,"People are discussing their experiences and fears related to needles, shots, and medical procedures involving needles.","needles, shots, fear, pain, medical procedures, discomfort, tattoos"
351,Disney Theme Parks,"People are discussing their experiences, preferences, and opinions about Disney theme parks and related attractions.","Disney, theme parks, Epcot, Hollywood Studios, Universal, rides, family"
352,Fear and Coping,"People are discussing their fears, how they cope with them, and the role fear plays in motivation and decision-making.","fear, coping, motivation, rationality, public speaking, psychology, safety"
353,Career Paths in Finance,"People are discussing their experiences, education, and career choices in finance, accounting, and related fields.","finance, accounting, career, education, internships, consulting, job satisfaction"
354,Religion and Politics,"People are discussing the influence of religion on politics and laws, and the need for separation of church and state.","religion, politics, church and state, laws, influence, separation, Christianity"
355,Conversation Matching Experiences,"Participants discuss their experiences and thoughts on being matched with others for conversations, including age, gender, and conversational dynamics.","conversation matching, age groups, gender dynamics, talking to strangers, conversation experiences"
356,Pandemic Lockdowns,"People are discussing their experiences and challenges during pandemic lockdowns, including restrictions, personal impacts, and safety measures.","pandemic, lockdown, quarantine, restrictions, safety, COVID-19, social distancing"
357,Work Schedules,"People are discussing their work schedules, including hours, days off, and the challenges of working different shifts.","work schedules, shifts, hours, days off, retail, weekends, morning, night job"
358,LGBTQ+ Experiences,People are discussing their personal experiences and societal changes related to LGBTQ+ identities and acceptance.,"LGBTQ+, acceptance, societal change, coming out, discrimination, language, equality"
359,Covid-era Activities,People are discussing how their hobbies and social activities have changed due to Covid-19 restrictions.,"Covid-19, hobbies, social activities, restrictions, video games, outdoors, isolation"
360,Job Changes During COVID,"People are discussing their job changes, challenges, and experiences during the COVID-19 pandemic.","job loss, COVID-19, career change, unemployment, pandemic, work challenges"
361,Random Conversations,"People are engaging in spontaneous conversations with strangers, discussing various topics and experiences.","conversation, strangers, small talk, experiences, meeting new people"
362,Trump and COVID-19,People are discussing Donald Trump's handling of the COVID-19 pandemic and its impact on his presidency and public perception.,"Trump, COVID-19, pandemic response, presidency, public perception, election, economy"
363,IRA Tax Strategies,People are discussing different tax strategies and implications of using Roth IRA and traditional IRA for retirement savings.,"Roth IRA, traditional IRA, taxes, retirement savings, tax-deferred, tax-free growth, financial planning"
364,Youtube Usage,"People are discussing various ways they use Youtube for entertainment, learning, and connecting with communities.","Youtube, videos, entertainment, learning, streaming, community, content creation"
365,Relocation and Travel Plans,"People are discussing their experiences, plans, and thoughts about relocating, traveling, and living in different places.","relocation, travel, living abroad, home country, moving, family, retirement"
